timestamp,datapath_id,port_no,rx_packets,rx_bytes,rx_errors,rx_dropped,tx_packets,tx_bytes,tx_errors,tx_dropped,collisions,duration_sec,duration_nsec,label
2026-03-25T01:59:12.674325,6,1,0,0,0,0,0,0,0,0,0,1,170000000,NORMAL
2026-03-25T01:59:12.674325,6,2,0,0,0,0,0,0,0,0,0,1,171000000,NORMAL
2026-03-25T01:59:12.674325,6,3,0,0,0,0,0,0,0,0,0,1,170000000,NORMAL
2026-03-25T01:59:12.674325,6,4294967294,0,0,0,0,0,0,0,0,0,1,167000000,NORMAL
2026-03-25T01:59:12.675619,2,1,0,0,0,0,0,0,0,0,0,1,153000000,NORMAL
2026-03-25T01:59:12.675619,2,2,0,0,0,0,0,0,0,0,0,1,154000000,NORMAL
2026-03-25T01:59:12.675619,2,3,0,0,0,0,0,0,0,0,0,1,154000000,NORMAL
2026-03-25T01:59:12.675619,2,4,0,0,0,0,0,0,0,0,0,1,154000000,NORMAL
2026-03-25T01:59:12.675619,2,4294967294,0,0,0,0,0,0,0,0,0,1,151000000,NORMAL
2026-03-25T01:59:12.675729,8,1,0,0,0,0,0,0,0,0,0,1,150000000,NORMAL
2026-03-25T01:59:12.675729,8,2,4,396,0,0,0,0,0,0,0,1,149000000,NORMAL
2026-03-25T01:59:12.675729,8,3,5,486,0,0,0,0,0,0,0,1,150000000,NORMAL
2026-03-25T01:59:12.675729,8,4,5,486,0,0,0,0,0,0,0,1,149000000,NORMAL
2026-03-25T01:59:12.675729,8,5,4,396,0,0,0,0,0,0,0,1,149000000,NORMAL
2026-03-25T01:59:12.675729,8,4294967294,0,0,0,0,0,0,0,0,0,1,146000000,NORMAL
2026-03-25T01:59:12.675838,7,1,0,0,0,0,0,0,0,0,0,1,145000000,NORMAL
2026-03-25T01:59:12.675838,7,2,5,486,0,0,0,0,0,0,0,1,145000000,NORMAL
2026-03-25T01:59:12.675838,7,3,5,486,0,0,0,0,0,0,0,1,145000000,NORMAL
2026-03-25T01:59:12.675838,7,4,4,396,0,0,0,0,0,0,0,1,146000000,NORMAL
2026-03-25T01:59:12.675838,7,5,5,486,0,0,0,0,0,0,0,1,145000000,NORMAL
2026-03-25T01:59:12.675838,7,4294967294,0,0,0,0,0,0,0,0,0,1,141000000,NORMAL
2026-03-25T01:59:12.675940,10,1,0,0,0,0,0,0,0,0,0,1,163000000,NORMAL
2026-03-25T01:59:12.675940,10,2,4,396,0,0,0,0,0,0,0,1,163000000,NORMAL
2026-03-25T01:59:12.675940,10,3,5,482,0,0,0,0,0,0,0,1,162000000,NORMAL
2026-03-25T01:59:12.675940,10,4,4,396,0,0,0,0,0,0,0,1,163000000,NORMAL
2026-03-25T01:59:12.675940,10,5,4,396,0,0,0,0,0,0,0,1,162000000,NORMAL
2026-03-25T01:59:12.675940,10,4294967294,0,0,0,0,0,0,0,0,0,1,158000000,NORMAL
2026-03-25T01:59:12.676042,5,1,0,0,0,0,0,0,0,0,0,1,132000000,NORMAL
2026-03-25T01:59:12.676042,5,2,0,0,0,0,0,0,0,0,0,1,132000000,NORMAL
2026-03-25T01:59:12.676042,5,3,0,0,0,0,0,0,0,0,0,1,132000000,NORMAL
2026-03-25T01:59:12.676042,5,4294967294,0,0,0,0,0,0,0,0,0,1,128000000,NORMAL
2026-03-25T01:59:12.676129,1,1,0,0,0,0,0,0,0,0,0,1,167000000,NORMAL
2026-03-25T01:59:12.676129,1,2,0,0,0,0,0,0,0,0,0,1,167000000,NORMAL
2026-03-25T01:59:12.676129,1,3,0,0,0,0,0,0,0,0,0,1,167000000,NORMAL
2026-03-25T01:59:12.676129,1,4,0,0,0,0,0,0,0,0,0,1,167000000,NORMAL
2026-03-25T01:59:12.676129,1,4294967294,0,0,0,0,0,0,0,0,0,1,163000000,NORMAL
2026-03-25T01:59:12.676222,9,1,0,0,0,0,0,0,0,0,0,1,139000000,NORMAL
2026-03-25T01:59:12.676222,9,2,4,396,0,0,0,0,0,0,0,1,140000000,NORMAL
2026-03-25T01:59:12.676222,9,3,4,396,0,0,0,0,0,0,0,1,140000000,NORMAL
2026-03-25T01:59:12.676222,9,4,5,482,0,0,0,0,0,0,0,1,139000000,NORMAL
2026-03-25T01:59:12.676222,9,5,4,396,0,0,0,0,0,0,0,1,140000000,NORMAL
2026-03-25T01:59:12.676222,9,4294967294,0,0,0,0,0,0,0,0,0,1,137000000,NORMAL
2026-03-25T01:59:12.676321,3,1,0,0,0,0,0,0,0,0,0,1,158000000,NORMAL
2026-03-25T01:59:12.676321,3,2,0,0,0,0,0,0,0,0,0,1,158000000,NORMAL
2026-03-25T01:59:12.676321,3,3,0,0,0,0,0,0,0,0,0,1,158000000,NORMAL
2026-03-25T01:59:12.676321,3,4294967294,0,0,0,0,0,0,0,0,0,1,155000000,NORMAL
2026-03-25T01:59:12.676400,4,1,0,0,0,0,0,0,0,0,0,1,136000000,NORMAL
2026-03-25T01:59:12.676400,4,2,0,0,0,0,0,0,0,0,0,1,136000000,NORMAL
2026-03-25T01:59:12.676400,4,3,0,0,0,0,0,0,0,0,0,1,136000000,NORMAL
2026-03-25T01:59:12.676400,4,4294967294,0,0,0,0,0,0,0,0,0,1,132000000,NORMAL
2026-03-25T01:59:22.676384,6,1,5,260,0,0,1,52,0,0,0,11,171000000,NORMAL
2026-03-25T01:59:22.676384,6,2,5,260,0,0,2,104,0,0,0,11,172000000,NORMAL
2026-03-25T01:59:22.676384,6,3,1,52,0,0,6,312,0,0,0,11,171000000,NORMAL
2026-03-25T01:59:22.676384,6,4294967294,9,468,0,0,0,0,0,0,0,11,168000000,NORMAL
2026-03-25T01:59:22.676494,3,1,1,52,0,0,4,208,0,0,0,11,159000000,NORMAL
2026-03-25T01:59:22.676494,3,2,1,52,0,0,4,208,0,0,0,11,159000000,NORMAL
2026-03-25T01:59:22.676494,3,3,1,52,0,0,5,260,0,0,0,11,160000000,NORMAL
2026-03-25T01:59:22.676494,3,4294967294,13,676,0,0,0,0,0,0,0,11,156000000,NORMAL
2026-03-25T01:59:22.676592,7,1,5,260,0,0,1,52,0,0,0,11,147000000,NORMAL
2026-03-25T01:59:22.676592,7,2,9,806,0,0,5,260,0,0,0,11,147000000,NORMAL
2026-03-25T01:59:22.676592,7,3,9,806,0,0,5,260,0,0,0,11,147000000,NORMAL
2026-03-25T01:59:22.676592,7,4,8,716,0,0,5,260,0,0,0,11,148000000,NORMAL
2026-03-25T01:59:22.676592,7,5,9,806,0,0,5,260,0,0,0,11,147000000,NORMAL
2026-03-25T01:59:22.676592,7,4294967294,21,1092,0,0,0,0,0,0,0,11,143000000,NORMAL
2026-03-25T01:59:22.676702,8,1,5,260,0,0,1,52,0,0,0,11,152000000,NORMAL
2026-03-25T01:59:22.676702,8,2,8,716,0,0,5,260,0,0,0,11,151000000,NORMAL
2026-03-25T01:59:22.676702,8,3,9,806,0,0,5,260,0,0,0,11,152000000,NORMAL
2026-03-25T01:59:22.676702,8,4,9,806,0,0,5,260,0,0,0,11,151000000,NORMAL
2026-03-25T01:59:22.676702,8,5,8,716,0,0,5,260,0,0,0,11,151000000,NORMAL
2026-03-25T01:59:22.676702,8,4294967294,21,1092,0,0,0,0,0,0,0,11,148000000,NORMAL
2026-03-25T01:59:22.676801,1,1,4,208,0,0,1,52,0,0,0,11,168000000,NORMAL
2026-03-25T01:59:22.676801,1,2,1,52,0,0,5,260,0,0,0,11,168000000,NORMAL
2026-03-25T01:59:22.676801,1,3,1,52,0,0,5,260,0,0,0,11,168000000,NORMAL
2026-03-25T01:59:22.676801,1,4,1,52,0,0,5,260,0,0,0,11,168000000,NORMAL
2026-03-25T01:59:22.676801,1,4294967294,16,832,0,0,0,0,0,0,0,11,164000000,NORMAL
2026-03-25T01:59:22.676894,10,1,6,312,0,0,1,52,0,0,0,11,164000000,NORMAL
2026-03-25T01:59:22.676894,10,2,8,716,0,0,6,312,0,0,0,11,164000000,NORMAL
2026-03-25T01:59:22.676894,10,3,9,802,0,0,6,312,0,0,0,11,163000000,NORMAL
2026-03-25T01:59:22.676894,10,4,8,716,0,0,6,312,0,0,0,11,164000000,NORMAL
2026-03-25T01:59:22.676894,10,5,8,716,0,0,6,312,0,0,0,11,163000000,NORMAL
2026-03-25T01:59:22.676894,10,4294967294,25,1300,0,0,0,0,0,0,0,11,159000000,NORMAL
2026-03-25T01:59:22.677618,2,1,4,208,0,0,1,52,0,0,0,11,155000000,NORMAL
2026-03-25T01:59:22.677618,2,2,1,52,0,0,5,260,0,0,0,11,156000000,NORMAL
2026-03-25T01:59:22.677618,2,3,1,52,0,0,5,260,0,0,0,11,156000000,NORMAL
2026-03-25T01:59:22.677618,2,4,2,104,0,0,5,260,0,0,0,11,156000000,NORMAL
2026-03-25T01:59:22.677618,2,4294967294,16,832,0,0,0,0,0,0,0,11,153000000,NORMAL
2026-03-25T01:59:22.677720,9,1,5,260,0,0,1,52,0,0,0,11,141000000,NORMAL
2026-03-25T01:59:22.677720,9,2,8,716,0,0,5,260,0,0,0,11,142000000,NORMAL
2026-03-25T01:59:22.677720,9,3,8,716,0,0,5,260,0,0,0,11,142000000,NORMAL
2026-03-25T01:59:22.677720,9,4,9,802,0,0,5,260,0,0,0,11,141000000,NORMAL
2026-03-25T01:59:22.677720,9,5,8,716,0,0,5,260,0,0,0,11,142000000,NORMAL
2026-03-25T01:59:22.677720,9,4294967294,21,1092,0,0,0,0,0,0,0,11,139000000,NORMAL
2026-03-25T01:59:22.677823,4,1,5,260,0,0,1,52,0,0,0,11,138000000,NORMAL
2026-03-25T01:59:22.677823,4,2,5,260,0,0,1,52,0,0,0,11,138000000,NORMAL
2026-03-25T01:59:22.677823,4,3,1,52,0,0,5,260,0,0,0,11,138000000,NORMAL
2026-03-25T01:59:22.677823,4,4294967294,7,364,0,0,0,0,0,0,0,11,134000000,NORMAL
2026-03-25T01:59:22.677914,5,1,5,260,0,0,1,52,0,0,0,11,134000000,NORMAL
2026-03-25T01:59:22.677914,5,2,5,260,0,0,1,52,0,0,0,11,134000000,NORMAL
2026-03-25T01:59:22.677914,5,3,1,52,0,0,5,260,0,0,0,11,134000000,NORMAL
2026-03-25T01:59:22.677914,5,4294967294,7,364,0,0,0,0,0,0,0,11,130000000,NORMAL
2026-03-25T01:59:32.679342,6,1,10,520,0,0,1,52,0,0,0,21,174000000,NORMAL
2026-03-25T01:59:32.679342,6,2,10,520,0,0,2,104,0,0,0,21,175000000,NORMAL
2026-03-25T01:59:32.679342,6,3,1,52,0,0,11,572,0,0,0,21,174000000,NORMAL
2026-03-25T01:59:32.679342,6,4294967294,14,728,0,0,0,0,0,0,0,21,171000000,NORMAL
2026-03-25T01:59:32.679663,8,1,10,520,0,0,1,52,0,0,0,21,154000000,NORMAL
2026-03-25T01:59:32.679663,8,2,9,786,0,0,10,520,0,0,0,21,153000000,NORMAL
2026-03-25T01:59:32.679663,8,3,10,876,0,0,10,520,0,0,0,21,154000000,NORMAL
2026-03-25T01:59:32.679663,8,4,10,876,0,0,10,520,0,0,0,21,153000000,NORMAL
2026-03-25T01:59:32.679663,8,5,9,786,0,0,10,520,0,0,0,21,153000000,NORMAL
2026-03-25T01:59:32.679663,8,4294967294,41,2132,0,0,0,0,0,0,0,21,150000000,NORMAL
2026-03-25T01:59:32.679981,7,1,10,520,0,0,1,52,0,0,0,21,149000000,NORMAL
2026-03-25T01:59:32.679981,7,2,10,876,0,0,10,520,0,0,0,21,149000000,NORMAL
2026-03-25T01:59:32.679981,7,3,10,876,0,0,10,520,0,0,0,21,149000000,NORMAL
2026-03-25T01:59:32.679981,7,4,9,786,0,0,10,520,0,0,0,21,150000000,NORMAL
2026-03-25T01:59:32.679981,7,5,10,876,0,0,10,520,0,0,0,21,149000000,NORMAL
2026-03-25T01:59:32.679981,7,4294967294,41,2132,0,0,0,0,0,0,0,21,145000000,NORMAL
2026-03-25T01:59:32.682131,5,1,10,520,0,0,1,52,0,0,0,21,137000000,NORMAL
2026-03-25T01:59:32.682131,5,2,10,520,0,0,1,52,0,0,0,21,137000000,NORMAL
2026-03-25T01:59:32.682131,5,3,1,52,0,0,10,520,0,0,0,21,137000000,NORMAL
2026-03-25T01:59:32.682131,5,4294967294,12,624,0,0,0,0,0,0,0,21,133000000,NORMAL
2026-03-25T01:59:32.682398,9,1,10,520,0,0,1,52,0,0,0,21,143000000,NORMAL
2026-03-25T01:59:32.682398,9,2,9,786,0,0,10,520,0,0,0,21,144000000,NORMAL
2026-03-25T01:59:32.682398,9,3,9,786,0,0,10,520,0,0,0,21,144000000,NORMAL
2026-03-25T01:59:32.682398,9,4,10,872,0,0,10,520,0,0,0,21,143000000,NORMAL
2026-03-25T01:59:32.682398,9,5,9,786,0,0,10,520,0,0,0,21,144000000,NORMAL
2026-03-25T01:59:32.682398,9,4294967294,41,2132,0,0,0,0,0,0,0,21,141000000,NORMAL
2026-03-25T01:59:32.682680,3,1,1,52,0,0,9,468,0,0,0,21,163000000,NORMAL
2026-03-25T01:59:32.682680,3,2,1,52,0,0,9,468,0,0,0,21,163000000,NORMAL
2026-03-25T01:59:32.682680,3,3,1,52,0,0,10,520,0,0,0,21,163000000,NORMAL
2026-03-25T01:59:32.682680,3,4294967294,28,1456,0,0,0,0,0,0,0,21,160000000,NORMAL
2026-03-25T01:59:32.682777,10,1,11,572,0,0,1,52,0,0,0,21,168000000,NORMAL
2026-03-25T01:59:32.682777,10,2,9,786,0,0,11,572,0,0,0,21,168000000,NORMAL
2026-03-25T01:59:32.682777,10,3,10,872,0,0,11,572,0,0,0,21,167000000,NORMAL
2026-03-25T01:59:32.682777,10,4,9,786,0,0,11,572,0,0,0,21,168000000,NORMAL
2026-03-25T01:59:32.682777,10,5,9,786,0,0,11,572,0,0,0,21,167000000,NORMAL
2026-03-25T01:59:32.682777,10,4294967294,45,2340,0,0,0,0,0,0,0,21,163000000,NORMAL
2026-03-25T01:59:32.682879,4,1,10,520,0,0,1,52,0,0,0,21,141000000,NORMAL
2026-03-25T01:59:32.682879,4,2,10,520,0,0,1,52,0,0,0,21,141000000,NORMAL
2026-03-25T01:59:32.682879,4,3,1,52,0,0,10,520,0,0,0,21,141000000,NORMAL
2026-03-25T01:59:32.682879,4,4294967294,12,624,0,0,0,0,0,0,0,21,137000000,NORMAL
2026-03-25T01:59:32.682967,1,1,9,468,0,0,1,52,0,0,0,21,172000000,NORMAL
2026-03-25T01:59:32.682967,1,2,1,52,0,0,10,520,0,0,0,21,172000000,NORMAL
2026-03-25T01:59:32.682967,1,3,1,52,0,0,10,520,0,0,0,21,172000000,NORMAL
2026-03-25T01:59:32.682967,1,4,1,52,0,0,10,520,0,0,0,21,172000000,NORMAL
2026-03-25T01:59:32.682967,1,4294967294,31,1612,0,0,0,0,0,0,0,21,168000000,NORMAL
2026-03-25T01:59:32.683060,2,1,9,468,0,0,1,52,0,0,0,21,158000000,NORMAL
2026-03-25T01:59:32.683060,2,2,1,52,0,0,10,520,0,0,0,21,159000000,NORMAL
2026-03-25T01:59:32.683060,2,3,1,52,0,0,10,520,0,0,0,21,159000000,NORMAL
2026-03-25T01:59:32.683060,2,4,2,104,0,0,10,520,0,0,0,21,159000000,NORMAL
2026-03-25T01:59:32.683060,2,4294967294,31,1612,0,0,0,0,0,0,0,21,156000000,NORMAL
2026-03-25T01:59:42.681398,6,1,15,780,0,0,1,52,0,0,0,31,177000000,NORMAL
2026-03-25T01:59:42.681398,6,2,15,780,0,0,2,104,0,0,0,31,178000000,NORMAL
2026-03-25T01:59:42.681398,6,3,1,52,0,0,16,832,0,0,0,31,177000000,NORMAL
2026-03-25T01:59:42.681398,6,4294967294,19,988,0,0,0,0,0,0,0,31,174000000,NORMAL
2026-03-25T01:59:42.683172,2,1,14,728,0,0,1,52,0,0,0,31,160000000,NORMAL
2026-03-25T01:59:42.683172,2,2,1,52,0,0,15,780,0,0,0,31,161000000,NORMAL
2026-03-25T01:59:42.683172,2,3,1,52,0,0,15,780,0,0,0,31,161000000,NORMAL
2026-03-25T01:59:42.683172,2,4,2,104,0,0,15,780,0,0,0,31,161000000,NORMAL
2026-03-25T01:59:42.683172,2,4294967294,46,2392,0,0,0,0,0,0,0,31,158000000,NORMAL
2026-03-25T01:59:42.683462,7,1,15,780,0,0,1,52,0,0,0,31,153000000,NORMAL
2026-03-25T01:59:42.683462,7,2,10,876,0,0,15,780,0,0,0,31,153000000,NORMAL
2026-03-25T01:59:42.683462,7,3,11,946,0,0,15,780,0,0,0,31,153000000,NORMAL
2026-03-25T01:59:42.683462,7,4,10,856,0,0,15,780,0,0,0,31,154000000,NORMAL
2026-03-25T01:59:42.683462,7,5,11,946,0,0,15,780,0,0,0,31,153000000,NORMAL
2026-03-25T01:59:42.683462,7,4294967294,61,3172,0,0,0,0,0,0,0,31,149000000,NORMAL
2026-03-25T01:59:42.683758,3,1,1,52,0,0,14,728,0,0,0,31,165000000,NORMAL
2026-03-25T01:59:42.683758,3,2,1,52,0,0,14,728,0,0,0,31,165000000,NORMAL
2026-03-25T01:59:42.683758,3,3,1,52,0,0,15,780,0,0,0,31,165000000,NORMAL
2026-03-25T01:59:42.683758,3,4294967294,43,2236,0,0,0,0,0,0,0,31,162000000,NORMAL
2026-03-25T01:59:42.684013,10,1,16,832,0,0,1,52,0,0,0,31,170000000,NORMAL
2026-03-25T01:59:42.684013,10,2,9,786,0,0,16,832,0,0,0,31,170000000,NORMAL
2026-03-25T01:59:42.684013,10,3,10,872,0,0,16,832,0,0,0,31,169000000,NORMAL
2026-03-25T01:59:42.684013,10,4,9,786,0,0,16,832,0,0,0,31,170000000,NORMAL
2026-03-25T01:59:42.684013,10,5,10,856,0,0,16,832,0,0,0,31,169000000,NORMAL
2026-03-25T01:59:42.684013,10,4294967294,65,3380,0,0,0,0,0,0,0,31,165000000,NORMAL
2026-03-25T01:59:42.684284,1,1,14,728,0,0,1,52,0,0,0,31,174000000,NORMAL
2026-03-25T01:59:42.684284,1,2,1,52,0,0,15,780,0,0,0,31,174000000,NORMAL
2026-03-25T01:59:42.684284,1,3,1,52,0,0,15,780,0,0,0,31,174000000,NORMAL
2026-03-25T01:59:42.684284,1,4,1,52,0,0,15,780,0,0,0,31,174000000,NORMAL
2026-03-25T01:59:42.684284,1,4294967294,46,2392,0,0,0,0,0,0,0,31,170000000,NORMAL
2026-03-25T01:59:42.684544,8,1,15,780,0,0,1,52,0,0,0,31,158000000,NORMAL
2026-03-25T01:59:42.684544,8,2,10,856,0,0,15,780,0,0,0,31,157000000,NORMAL
2026-03-25T01:59:42.684544,8,3,11,946,0,0,15,780,0,0,0,31,158000000,NORMAL
2026-03-25T01:59:42.684544,8,4,11,946,0,0,15,780,0,0,0,31,156000000,NORMAL
2026-03-25T01:59:42.684544,8,5,10,856,0,0,15,780,0,0,0,31,157000000,NORMAL
2026-03-25T01:59:42.684544,8,4294967294,61,3172,0,0,0,0,0,0,0,31,153000000,NORMAL
2026-03-25T01:59:42.685639,4,1,15,780,0,0,1,52,0,0,0,31,144000000,NORMAL
2026-03-25T01:59:42.685639,4,2,15,780,0,0,1,52,0,0,0,31,144000000,NORMAL
2026-03-25T01:59:42.685639,4,3,1,52,0,0,15,780,0,0,0,31,144000000,NORMAL
2026-03-25T01:59:42.685639,4,4294967294,17,884,0,0,0,0,0,0,0,31,140000000,NORMAL
2026-03-25T01:59:42.685754,5,1,15,780,0,0,1,52,0,0,0,31,140000000,NORMAL
2026-03-25T01:59:42.685754,5,2,15,780,0,0,1,52,0,0,0,31,140000000,NORMAL
2026-03-25T01:59:42.685754,5,3,1,52,0,0,15,780,0,0,0,31,140000000,NORMAL
2026-03-25T01:59:42.685754,5,4294967294,17,884,0,0,0,0,0,0,0,31,136000000,NORMAL
2026-03-25T01:59:42.685850,9,1,15,780,0,0,1,52,0,0,0,31,147000000,NORMAL
2026-03-25T01:59:42.685850,9,2,10,856,0,0,15,780,0,0,0,31,148000000,NORMAL
2026-03-25T01:59:42.685850,9,3,10,856,0,0,15,780,0,0,0,31,148000000,NORMAL
2026-03-25T01:59:42.685850,9,4,11,942,0,0,15,780,0,0,0,31,147000000,NORMAL
2026-03-25T01:59:42.685850,9,5,10,856,0,0,15,780,0,0,0,31,148000000,NORMAL
2026-03-25T01:59:42.685850,9,4294967294,61,3172,0,0,0,0,0,0,0,31,145000000,NORMAL
2026-03-25T01:59:52.684274,6,1,22,1144,0,0,3,94,0,0,0,41,180000000,NORMAL
2026-03-25T01:59:52.684274,6,2,21,1092,0,0,2,104,0,0,0,41,181000000,NORMAL
2026-03-25T01:59:52.684274,6,3,2,73,0,0,24,1248,0,0,0,41,180000000,NORMAL
2026-03-25T01:59:52.684274,6,4294967294,29,1446,0,0,0,0,0,0,0,41,177000000,NORMAL
2026-03-25T01:59:52.684818,3,1,3,94,0,0,20,1040,0,0,0,41,168000000,NORMAL
2026-03-25T01:59:52.684818,3,2,2,73,0,0,20,1040,0,0,0,41,168000000,NORMAL
2026-03-25T01:59:52.684818,3,3,2,73,0,0,21,1092,0,0,0,41,168000000,NORMAL
2026-03-25T01:59:52.684818,3,4294967294,61,3172,0,0,0,0,0,0,0,41,165000000,NORMAL
2026-03-25T01:59:52.684915,10,1,24,1248,0,0,2,73,0,0,0,41,173000000,NORMAL
2026-03-25T01:59:52.684915,10,2,10,856,0,0,24,1248,0,0,0,41,173000000,NORMAL
2026-03-25T01:59:52.684915,10,3,11,942,0,0,24,1248,0,0,0,41,172000000,NORMAL
2026-03-25T01:59:52.684915,10,4,10,856,0,0,24,1248,0,0,0,41,173000000,NORMAL
2026-03-25T01:59:52.684915,10,5,10,856,0,0,24,1248,0,0,0,41,172000000,NORMAL
2026-03-25T01:59:52.684915,10,4294967294,98,5065,0,0,0,0,0,0,0,41,168000000,NORMAL
2026-03-25T01:59:52.685018,1,1,20,1040,0,0,3,94,0,0,0,41,177000000,NORMAL
2026-03-25T01:59:52.685018,1,2,2,73,0,0,22,1144,0,0,0,41,177000000,NORMAL
2026-03-25T01:59:52.685018,1,3,2,73,0,0,22,1144,0,0,0,41,177000000,NORMAL
2026-03-25T01:59:52.685018,1,4,3,94,0,0,22,1144,0,0,0,41,177000000,NORMAL
2026-03-25T01:59:52.685018,1,4294967294,69,3526,0,0,0,0,0,0,0,41,173000000,NORMAL
2026-03-25T01:59:52.685927,5,1,22,1144,0,0,2,73,0,0,0,41,143000000,NORMAL
2026-03-25T01:59:52.685927,5,2,21,1092,0,0,1,52,0,0,0,41,143000000,NORMAL
2026-03-25T01:59:52.685927,5,3,2,73,0,0,22,1144,0,0,0,41,143000000,NORMAL
2026-03-25T01:59:52.685927,5,4294967294,25,1269,0,0,0,0,0,0,0,41,139000000,NORMAL
2026-03-25T01:59:52.686024,7,1,21,1092,0,0,2,73,0,0,0,41,156000000,NORMAL
2026-03-25T01:59:52.686024,7,2,11,946,0,0,21,1092,0,0,0,41,156000000,NORMAL
2026-03-25T01:59:52.686024,7,3,11,946,0,0,21,1092,0,0,0,41,156000000,NORMAL
2026-03-25T01:59:52.686024,7,4,10,856,0,0,21,1092,0,0,0,41,157000000,NORMAL
2026-03-25T01:59:52.686024,7,5,11,946,0,0,21,1092,0,0,0,41,156000000,NORMAL
2026-03-25T01:59:52.686024,7,4294967294,86,4441,0,0,0,0,0,0,0,41,152000000,NORMAL
2026-03-25T01:59:52.686124,8,1,22,1144,0,0,2,73,0,0,0,41,161000000,NORMAL
2026-03-25T01:59:52.686124,8,2,10,856,0,0,22,1144,0,0,0,41,160000000,NORMAL
2026-03-25T01:59:52.686124,8,3,11,946,0,0,22,1144,0,0,0,41,161000000,NORMAL
2026-03-25T01:59:52.686124,8,4,11,946,0,0,22,1144,0,0,0,41,160000000,NORMAL
2026-03-25T01:59:52.686124,8,5,10,856,0,0,22,1144,0,0,0,41,160000000,NORMAL
2026-03-25T01:59:52.686124,8,4294967294,90,4649,0,0,0,0,0,0,0,41,157000000,NORMAL
2026-03-25T01:59:52.686221,2,1,20,1040,0,0,2,73,0,0,0,41,163000000,NORMAL
2026-03-25T01:59:52.686221,2,2,1,52,0,0,21,1092,0,0,0,41,165000000,NORMAL
2026-03-25T01:59:52.686221,2,3,1,52,0,0,21,1092,0,0,0,41,165000000,NORMAL
2026-03-25T01:59:52.686221,2,4,2,104,0,0,21,1092,0,0,0,41,165000000,NORMAL
2026-03-25T01:59:52.686221,2,4294967294,65,3349,0,0,0,0,0,0,0,41,161000000,NORMAL
2026-03-25T01:59:52.686308,4,1,22,1144,0,0,2,73,0,0,0,41,147000000,NORMAL
2026-03-25T01:59:52.686308,4,2,21,1092,0,0,1,52,0,0,0,41,147000000,NORMAL
2026-03-25T01:59:52.686308,4,3,2,73,0,0,22,1144,0,0,0,41,147000000,NORMAL
2026-03-25T01:59:52.686308,4,4294967294,25,1269,0,0,0,0,0,0,0,41,143000000,NORMAL
2026-03-25T01:59:52.686391,9,1,22,1144,0,0,2,73,0,0,0,41,150000000,NORMAL
2026-03-25T01:59:52.686391,9,2,10,856,0,0,22,1144,0,0,0,41,151000000,NORMAL
2026-03-25T01:59:52.686391,9,3,10,856,0,0,22,1144,0,0,0,41,151000000,NORMAL
2026-03-25T01:59:52.686391,9,4,11,942,0,0,22,1144,0,0,0,41,150000000,NORMAL
2026-03-25T01:59:52.686391,9,5,10,856,0,0,22,1144,0,0,0,41,151000000,NORMAL
2026-03-25T01:59:52.686391,9,4294967294,90,4649,0,0,0,0,0,0,0,41,148000000,NORMAL
2026-03-25T02:00:02.696746,1,1,135,9056,0,0,126,8396,0,0,0,51,178000000,NORMAL
2026-03-25T02:00:02.696746,1,2,75,5267,0,0,132,7886,0,0,0,51,178000000,NORMAL
2026-03-25T02:00:02.696746,1,3,50,3433,0,0,124,6822,0,0,0,51,178000000,NORMAL
2026-03-25T02:00:02.696746,1,4,46,3076,0,0,122,6626,0,0,0,51,178000000,NORMAL
2026-03-25T02:00:02.696746,1,4294967294,157,6350,0,0,0,0,0,0,0,51,174000000,NORMAL
2026-03-25T02:00:02.697259,6,1,122,6626,0,0,46,3076,0,0,0,51,181000000,NORMAL
2026-03-25T02:00:02.697259,6,2,99,4418,0,0,2,104,0,0,0,51,182000000,NORMAL
2026-03-25T02:00:02.697259,6,3,45,3055,0,0,124,6730,0,0,0,51,181000000,NORMAL
2026-03-25T02:00:02.697259,6,4294967294,107,3750,0,0,0,0,0,0,0,51,178000000,NORMAL
2026-03-25T02:00:02.746872,5,1,124,6822,0,0,50,3433,0,0,0,51,144000000,NORMAL
2026-03-25T02:00:02.746872,5,2,99,4418,0,0,1,52,0,0,0,51,144000000,NORMAL
2026-03-25T02:00:02.746872,5,3,50,3433,0,0,124,6822,0,0,0,51,144000000,NORMAL
2026-03-25T02:00:02.746872,5,4294967294,103,3573,0,0,0,0,0,0,0,51,140000000,NORMAL
2026-03-25T02:00:02.747958,7,1,149,9654,0,0,112,7829,0,0,0,51,156000000,NORMAL
2026-03-25T02:00:02.747958,7,2,46,3536,0,0,119,6378,0,0,0,51,156000000,NORMAL
2026-03-25T02:00:02.747958,7,3,46,3536,0,0,119,6378,0,0,0,51,156000000,NORMAL
2026-03-25T02:00:02.747958,7,4,45,3446,0,0,119,6378,0,0,0,51,157000000,NORMAL
2026-03-25T02:00:02.747958,7,5,46,3536,0,0,119,6378,0,0,0,51,156000000,NORMAL
2026-03-25T02:00:02.747958,7,4294967294,179,7525,0,0,0,0,0,0,0,51,152000000,NORMAL
2026-03-25T02:00:02.748719,8,1,133,7984,0,0,75,5267,0,0,0,51,161000000,NORMAL
2026-03-25T02:00:02.748719,8,2,45,3446,0,0,120,6430,0,0,0,51,160000000,NORMAL
2026-03-25T02:00:02.748719,8,3,42,3256,0,0,118,6234,0,0,0,51,161000000,NORMAL
2026-03-25T02:00:02.748719,8,4,23,1786,0,0,106,5058,0,0,0,51,160000000,NORMAL
2026-03-25T02:00:02.748719,8,5,22,1696,0,0,106,5058,0,0,0,51,160000000,NORMAL
2026-03-25T02:00:02.748719,8,4294967294,183,7733,0,0,0,0,0,0,0,51,157000000,NORMAL
2026-03-25T02:00:02.749578,4,1,133,7984,0,0,75,5267,0,0,0,51,147000000,NORMAL
2026-03-25T02:00:02.749578,4,2,99,4418,0,0,1,52,0,0,0,51,147000000,NORMAL
2026-03-25T02:00:02.749578,4,3,75,5267,0,0,133,7984,0,0,0,51,147000000,NORMAL
2026-03-25T02:00:02.749578,4,4294967294,103,3573,0,0,0,0,0,0,0,51,143000000,NORMAL
2026-03-25T02:00:02.750053,10,1,124,6730,0,0,45,3055,0,0,0,51,174000000,NORMAL
2026-03-25T02:00:02.750053,10,2,22,1696,0,0,108,5162,0,0,0,51,174000000,NORMAL
2026-03-25T02:00:02.750053,10,3,22,1684,0,0,107,5064,0,0,0,51,173000000,NORMAL
2026-03-25T02:00:02.750053,10,4,20,1556,0,0,107,5064,0,0,0,51,174000000,NORMAL
2026-03-25T02:00:02.750053,10,5,20,1556,0,0,107,5064,0,0,0,51,173000000,NORMAL
2026-03-25T02:00:02.750053,10,4294967294,191,8149,0,0,0,0,0,0,0,51,169000000,NORMAL
2026-03-25T02:00:02.750581,9,1,124,6822,0,0,50,3433,0,0,0,51,150000000,NORMAL
2026-03-25T02:00:02.750581,9,2,22,1696,0,0,106,5058,0,0,0,51,151000000,NORMAL
2026-03-25T02:00:02.750581,9,3,22,1696,0,0,106,5058,0,0,0,51,151000000,NORMAL
2026-03-25T02:00:02.750581,9,4,23,1782,0,0,106,5058,0,0,0,51,150000000,NORMAL
2026-03-25T02:00:02.750581,9,5,22,1696,0,0,106,5058,0,0,0,51,151000000,NORMAL
2026-03-25T02:00:02.750581,9,4294967294,183,7733,0,0,0,0,0,0,0,51,148000000,NORMAL
2026-03-25T02:00:02.750689,2,1,98,4366,0,0,2,73,0,0,0,51,164000000,NORMAL
2026-03-25T02:00:02.750689,2,2,1,52,0,0,99,4418,0,0,0,51,165000000,NORMAL
2026-03-25T02:00:02.750689,2,3,1,52,0,0,99,4418,0,0,0,51,165000000,NORMAL
2026-03-25T02:00:02.750689,2,4,2,104,0,0,99,4418,0,0,0,51,165000000,NORMAL
2026-03-25T02:00:02.750689,2,4294967294,153,6173,0,0,0,0,0,0,0,51,162000000,NORMAL
2026-03-25T02:00:02.751612,3,1,126,8396,0,0,135,9056,0,0,0,51,169000000,NORMAL
2026-03-25T02:00:02.751612,3,2,2,73,0,0,98,4366,0,0,0,51,169000000,NORMAL
2026-03-25T02:00:02.751612,3,3,112,7829,0,0,149,9654,0,0,0,51,169000000,NORMAL
2026-03-25T02:00:02.751612,3,4294967294,149,5996,0,0,0,0,0,0,0,51,166000000,NORMAL
2026-03-25T02:00:12.692383,6,1,290,17876,0,0,201,13786,0,0,0,61,184000000,NORMAL
2026-03-25T02:00:12.692383,6,2,151,6652,0,0,2,104,0,0,0,61,185000000,NORMAL
2026-03-25T02:00:12.692383,6,3,200,13765,0,0,292,17980,0,0,0,61,184000000,NORMAL
2026-03-25T02:00:12.692383,6,4294967294,159,5326,0,0,0,0,0,0,0,61,181000000,NORMAL
2026-03-25T02:00:12.721885,9,1,290,17876,0,0,200,13765,0,0,0,61,154000000,NORMAL
2026-03-25T02:00:12.721885,9,2,70,5056,0,0,197,10274,0,0,0,61,155000000,NORMAL
2026-03-25T02:00:12.721885,9,3,70,5056,0,0,197,10274,0,0,0,61,155000000,NORMAL
2026-03-25T02:00:12.721885,9,4,71,5142,0,0,197,10274,0,0,0,61,154000000,NORMAL
2026-03-25T02:00:12.721885,9,5,70,5056,0,0,197,10274,0,0,0,61,155000000,NORMAL
2026-03-25T02:00:12.721885,9,4294967294,250,10089,0,0,0,0,0,0,0,61,152000000,NORMAL
2026-03-25T02:00:12.722896,3,1,262,16404,0,0,229,15350,0,0,0,61,173000000,NORMAL
2026-03-25T02:00:12.722896,3,2,2,73,0,0,150,6600,0,0,0,61,173000000,NORMAL
2026-03-25T02:00:12.722896,3,3,201,13863,0,0,290,17922,0,0,0,61,173000000,NORMAL
2026-03-25T02:00:12.722896,3,4294967294,211,8092,0,0,0,0,0,0,0,61,170000000,NORMAL
2026-03-25T02:00:12.723873,5,1,290,17876,0,0,200,13765,0,0,0,61,148000000,NORMAL
2026-03-25T02:00:12.723873,5,2,151,6652,0,0,1,52,0,0,0,61,148000000,NORMAL
2026-03-25T02:00:12.723873,5,3,200,13765,0,0,290,17876,0,0,0,61,148000000,NORMAL
2026-03-25T02:00:12.723873,5,4294967294,155,5149,0,0,0,0,0,0,0,61,144000000,NORMAL
2026-03-25T02:00:12.724990,4,1,291,17974,0,0,201,13863,0,0,0,61,152000000,NORMAL
2026-03-25T02:00:12.724990,4,2,151,6652,0,0,1,52,0,0,0,61,152000000,NORMAL
2026-03-25T02:00:12.724990,4,3,201,13863,0,0,291,17974,0,0,0,61,152000000,NORMAL
2026-03-25T02:00:12.724990,4,4294967294,155,5149,0,0,0,0,0,0,0,61,148000000,NORMAL
2026-03-25T02:00:12.726085,10,1,292,17980,0,0,200,13765,0,0,0,61,178000000,NORMAL
2026-03-25T02:00:12.726085,10,2,70,5056,0,0,199,10378,0,0,0,61,178000000,NORMAL
2026-03-25T02:00:12.726085,10,3,71,5142,0,0,199,10378,0,0,0,61,177000000,NORMAL
2026-03-25T02:00:12.726085,10,4,70,5056,0,0,199,10378,0,0,0,61,178000000,NORMAL
2026-03-25T02:00:12.726085,10,5,70,5056,0,0,199,10378,0,0,0,61,177000000,NORMAL
2026-03-25T02:00:12.726085,10,4294967294,258,10505,0,0,0,0,0,0,0,61,173000000,NORMAL
2026-03-25T02:00:12.727233,7,1,290,17922,0,0,201,13863,0,0,0,61,160000000,NORMAL
2026-03-25T02:00:12.727233,7,2,72,5244,0,0,197,10320,0,0,0,61,160000000,NORMAL
2026-03-25T02:00:12.727233,7,3,71,5146,0,0,196,10222,0,0,0,61,160000000,NORMAL
2026-03-25T02:00:12.727233,7,4,70,5056,0,0,196,10222,0,0,0,61,161000000,NORMAL
2026-03-25T02:00:12.727233,7,5,71,5146,0,0,196,10222,0,0,0,61,160000000,NORMAL
2026-03-25T02:00:12.727233,7,4294967294,246,9881,0,0,0,0,0,0,0,61,156000000,NORMAL
2026-03-25T02:00:12.729100,1,1,229,15350,0,0,262,16404,0,0,0,61,182000000,NORMAL
2026-03-25T02:00:12.729100,1,2,201,13863,0,0,291,17974,0,0,0,61,182000000,NORMAL
2026-03-25T02:00:12.729100,1,3,200,13765,0,0,290,17876,0,0,0,61,182000000,NORMAL
2026-03-25T02:00:12.729100,1,4,201,13786,0,0,290,17876,0,0,0,61,182000000,NORMAL
2026-03-25T02:00:12.729100,1,4294967294,219,8446,0,0,0,0,0,0,0,61,178000000,NORMAL
2026-03-25T02:00:12.730174,8,1,291,17974,0,0,201,13863,0,0,0,61,165000000,NORMAL
2026-03-25T02:00:12.730174,8,2,125,621282,0,0,258,16120,0,0,0,61,164000000,NORMAL
2026-03-25T02:00:12.730174,8,3,133,11090,0,0,253,626598,0,0,0,61,165000000,NORMAL
2026-03-25T02:00:12.730174,8,4,71,5146,0,0,197,10274,0,0,0,61,164000000,NORMAL
2026-03-25T02:00:12.730174,8,5,70,5056,0,0,197,10274,0,0,0,61,164000000,NORMAL
2026-03-25T02:00:12.730174,8,4294967294,250,10089,0,0,0,0,0,0,0,61,161000000,NORMAL
2026-03-25T02:00:12.730287,2,1,150,6600,0,0,2,73,0,0,0,61,168000000,NORMAL
2026-03-25T02:00:12.730287,2,2,1,52,0,0,151,6652,0,0,0,61,169000000,NORMAL
2026-03-25T02:00:12.730287,2,3,1,52,0,0,151,6652,0,0,0,61,169000000,NORMAL
2026-03-25T02:00:12.730287,2,4,2,104,0,0,151,6652,0,0,0,61,169000000,NORMAL
2026-03-25T02:00:12.730287,2,4294967294,215,8269,0,0,0,0,0,0,0,61,166000000,NORMAL
2026-03-25T02:00:22.702589,6,1,295,18136,0,0,201,13786,0,0,0,71,191000000,NORMAL
2026-03-25T02:00:22.702589,6,2,156,6912,0,0,2,104,0,0,0,71,192000000,NORMAL
2026-03-25T02:00:22.702589,6,3,200,13765,0,0,297,18240,0,0,0,71,191000000,NORMAL
2026-03-25T02:00:22.702589,6,4294967294,164,5586,0,0,0,0,0,0,0,71,188000000,NORMAL
2026-03-25T02:00:22.749157,2,1,155,6860,0,0,2,73,0,0,0,71,176000000,NORMAL
2026-03-25T02:00:22.749157,2,2,1,52,0,0,156,6912,0,0,0,71,177000000,NORMAL
2026-03-25T02:00:22.749157,2,3,1,52,0,0,156,6912,0,0,0,71,177000000,NORMAL
2026-03-25T02:00:22.749157,2,4,2,104,0,0,156,6912,0,0,0,71,177000000,NORMAL
2026-03-25T02:00:22.749157,2,4294967294,230,9049,0,0,0,0,0,0,0,71,174000000,NORMAL
2026-03-25T02:00:22.752400,1,1,234,15610,0,0,262,16404,0,0,0,71,189000000,NORMAL
2026-03-25T02:00:22.752400,1,2,201,13863,0,0,296,18234,0,0,0,71,189000000,NORMAL
2026-03-25T02:00:22.752400,1,3,200,13765,0,0,295,18136,0,0,0,71,189000000,NORMAL
2026-03-25T02:00:22.752400,1,4,201,13786,0,0,295,18136,0,0,0,71,189000000,NORMAL
2026-03-25T02:00:22.752400,1,4294967294,234,9226,0,0,0,0,0,0,0,71,185000000,NORMAL
2026-03-25T02:00:22.754163,3,1,262,16404,0,0,234,15610,0,0,0,71,180000000,NORMAL
2026-03-25T02:00:22.754163,3,2,2,73,0,0,155,6860,0,0,0,71,180000000,NORMAL
2026-03-25T02:00:22.754163,3,3,201,13863,0,0,295,18182,0,0,0,71,180000000,NORMAL
2026-03-25T02:00:22.754163,3,4294967294,226,8872,0,0,0,0,0,0,0,71,177000000,NORMAL
2026-03-25T02:00:22.755898,5,1,295,18136,0,0,200,13765,0,0,0,71,156000000,NORMAL
2026-03-25T02:00:22.755898,5,2,156,6912,0,0,1,52,0,0,0,71,156000000,NORMAL
2026-03-25T02:00:22.755898,5,3,200,13765,0,0,295,18136,0,0,0,71,156000000,NORMAL
2026-03-25T02:00:22.755898,5,4294967294,160,5409,0,0,0,0,0,0,0,71,152000000,NORMAL
2026-03-25T02:00:22.757868,7,1,295,18182,0,0,201,13863,0,0,0,71,168000000,NORMAL
2026-03-25T02:00:22.757868,7,2,72,5244,0,0,202,10580,0,0,0,71,168000000,NORMAL
2026-03-25T02:00:22.757868,7,3,71,5146,0,0,201,10482,0,0,0,71,168000000,NORMAL
2026-03-25T02:00:22.757868,7,4,70,5056,0,0,201,10482,0,0,0,71,169000000,NORMAL
2026-03-25T02:00:22.757868,7,5,71,5146,0,0,201,10482,0,0,0,71,168000000,NORMAL
2026-03-25T02:00:22.757868,7,4294967294,266,10921,0,0,0,0,0,0,0,71,164000000,NORMAL
2026-03-25T02:00:22.759811,10,1,297,18240,0,0,200,13765,0,0,0,71,185000000,NORMAL
2026-03-25T02:00:22.759811,10,2,70,5056,0,0,204,10638,0,0,0,71,185000000,NORMAL
2026-03-25T02:00:22.759811,10,3,71,5142,0,0,204,10638,0,0,0,71,184000000,NORMAL
2026-03-25T02:00:22.759811,10,4,70,5056,0,0,204,10638,0,0,0,71,185000000,NORMAL
2026-03-25T02:00:22.759811,10,5,70,5056,0,0,204,10638,0,0,0,71,184000000,NORMAL
2026-03-25T02:00:22.759811,10,4294967294,278,11545,0,0,0,0,0,0,0,71,180000000,NORMAL
2026-03-25T02:00:22.761749,9,1,295,18136,0,0,200,13765,0,0,0,71,162000000,NORMAL
2026-03-25T02:00:22.761749,9,2,70,5056,0,0,202,10534,0,0,0,71,163000000,NORMAL
2026-03-25T02:00:22.761749,9,3,70,5056,0,0,202,10534,0,0,0,71,163000000,NORMAL
2026-03-25T02:00:22.761749,9,4,71,5142,0,0,202,10534,0,0,0,71,162000000,NORMAL
2026-03-25T02:00:22.761749,9,5,70,5056,0,0,202,10534,0,0,0,71,163000000,NORMAL
2026-03-25T02:00:22.761749,9,4294967294,270,11129,0,0,0,0,0,0,0,71,160000000,NORMAL
2026-03-25T02:00:22.763491,4,1,296,18234,0,0,201,13863,0,0,0,71,160000000,NORMAL
2026-03-25T02:00:22.763491,4,2,156,6912,0,0,1,52,0,0,0,71,160000000,NORMAL
2026-03-25T02:00:22.763491,4,3,201,13863,0,0,296,18234,0,0,0,71,160000000,NORMAL
2026-03-25T02:00:22.763491,4,4294967294,160,5409,0,0,0,0,0,0,0,71,156000000,NORMAL
2026-03-25T02:00:22.765353,8,1,296,18234,0,0,201,13863,0,0,0,71,173000000,NORMAL
2026-03-25T02:00:22.765353,8,2,131,622613,0,0,272,18068,0,0,0,71,172000000,NORMAL
2026-03-25T02:00:22.765353,8,3,160,16154,0,0,276,630851,0,0,0,71,173000000,NORMAL
2026-03-25T02:00:22.765353,8,4,77,6477,0,0,211,12222,0,0,0,71,172000000,NORMAL
2026-03-25T02:00:22.765353,8,5,76,6387,0,0,211,12222,0,0,0,71,172000000,NORMAL
2026-03-25T02:00:22.765353,8,4294967294,270,11129,0,0,0,0,0,0,0,71,169000000,NORMAL
2026-03-25T02:00:33.396183,6,1,5763,997153,0,0,6421,816935,0,0,0,81,193000000,NORMAL
2026-03-25T02:00:33.396183,6,2,162,7224,0,0,2,104,0,0,0,81,194000000,NORMAL
2026-03-25T02:00:33.396183,6,3,6420,816914,0,0,5765,997257,0,0,0,81,193000000,NORMAL
2026-03-25T02:00:33.396183,6,4294967294,170,5898,0,0,0,0,0,0,0,81,190000000,NORMAL
2026-03-25T02:00:33.399549,1,1,240,15922,0,0,262,16404,0,0,0,81,191000000,NORMAL
2026-03-25T02:00:33.399549,1,2,11405,1988158,0,0,13014,1653894,0,0,0,81,191000000,NORMAL
2026-03-25T02:00:33.399549,1,3,6691,845627,0,0,6042,1013972,0,0,0,81,191000000,NORMAL
2026-03-25T02:00:33.399549,1,4,6422,817272,0,0,5764,997219,0,0,0,81,191000000,NORMAL
2026-03-25T02:00:33.399549,1,4294967294,252,10162,0,0,0,0,0,0,0,81,187000000,NORMAL
2026-03-25T02:00:33.401668,7,1,301,18494,0,0,201,13863,0,0,0,81,176000000,NORMAL
2026-03-25T02:00:33.401668,7,2,72,5244,0,0,208,10892,0,0,0,81,176000000,NORMAL
2026-03-25T02:00:33.401668,7,3,71,5146,0,0,207,10794,0,0,0,81,176000000,NORMAL
2026-03-25T02:00:33.401668,7,4,70,5056,0,0,207,10794,0,0,0,81,177000000,NORMAL
2026-03-25T02:00:33.401668,7,5,71,5146,0,0,207,10794,0,0,0,81,176000000,NORMAL
2026-03-25T02:00:33.401668,7,4294967294,290,12169,0,0,0,0,0,0,0,81,172000000,NORMAL
2026-03-25T02:00:33.403527,4,1,13034,1656621,0,0,11424,1992370,0,0,0,81,174000000,NORMAL
2026-03-25T02:00:33.403527,4,2,162,7224,0,0,1,52,0,0,0,81,174000000,NORMAL
2026-03-25T02:00:33.403527,4,3,11424,1992370,0,0,13034,1656621,0,0,0,81,174000000,NORMAL
2026-03-25T02:00:33.403527,4,4294967294,166,5721,0,0,0,0,0,0,0,81,170000000,NORMAL
2026-03-25T02:00:33.405251,5,1,6049,1016416,0,0,6700,847070,0,0,0,81,170000000,NORMAL
2026-03-25T02:00:33.405251,5,2,162,7224,0,0,1,52,0,0,0,81,170000000,NORMAL
2026-03-25T02:00:33.405251,5,3,6700,847070,0,0,6049,1016416,0,0,0,81,170000000,NORMAL
2026-03-25T02:00:33.405251,5,4294967294,166,5721,0,0,0,0,0,0,0,81,166000000,NORMAL
2026-03-25T02:00:33.461191,10,1,5770,998107,0,0,6425,817515,0,0,0,81,193000000,NORMAL
2026-03-25T02:00:33.461191,10,2,1701,217219,0,0,1647,280249,0,0,0,81,193000000,NORMAL
2026-03-25T02:00:33.461191,10,3,1647,206553,0,0,1593,274197,0,0,0,81,192000000,NORMAL
2026-03-25T02:00:33.461191,10,4,1553,194152,0,0,1522,214248,0,0,0,81,193000000,NORMAL
2026-03-25T02:00:33.461191,10,5,1622,207784,0,0,1549,254901,0,0,0,81,192000000,NORMAL
2026-03-25T02:00:33.461191,10,4294967294,302,12793,0,0,0,0,0,0,0,81,188000000,NORMAL
2026-03-25T02:00:33.856379,3,1,262,16404,0,0,240,15922,0,0,0,81,188000000,NORMAL
2026-03-25T02:00:33.856379,3,2,2,73,0,0,161,7172,0,0,0,81,188000000,NORMAL
2026-03-25T02:00:33.856379,3,3,201,13863,0,0,301,18494,0,0,0,81,188000000,NORMAL
2026-03-25T02:00:33.856379,3,4294967294,244,9808,0,0,0,0,0,0,0,81,185000000,NORMAL
2026-03-25T02:00:33.856616,8,1,13025,1654895,0,0,11417,1990928,0,0,0,81,181000000,NORMAL
2026-03-25T02:00:33.856616,8,2,4656,1391083,0,0,5157,794917,0,0,0,81,180000000,NORMAL
2026-03-25T02:00:33.856616,8,3,2206,739182,0,0,2923,1008742,0,0,0,81,181000000,NORMAL
2026-03-25T02:00:33.856616,8,4,4668,770125,0,0,5162,796569,0,0,0,81,180000000,NORMAL
2026-03-25T02:00:33.856616,8,5,4817,828913,0,0,5162,811339,0,0,0,81,180000000,NORMAL
2026-03-25T02:00:33.856616,8,4294967294,294,12377,0,0,0,0,0,0,0,81,177000000,NORMAL
2026-03-25T02:00:33.856774,2,1,161,7172,0,0,2,73,0,0,0,81,184000000,NORMAL
2026-03-25T02:00:33.856774,2,2,1,52,0,0,162,7224,0,0,0,81,185000000,NORMAL
2026-03-25T02:00:33.856774,2,3,1,52,0,0,162,7224,0,0,0,81,185000000,NORMAL
2026-03-25T02:00:33.856774,2,4,2,104,0,0,162,7224,0,0,0,81,185000000,NORMAL
2026-03-25T02:00:33.856774,2,4294967294,248,9985,0,0,0,0,0,0,0,81,182000000,NORMAL
2026-03-25T02:00:33.945734,9,1,6048,1016350,0,0,6698,846938,0,0,0,81,176000000,NORMAL
2026-03-25T02:00:33.945734,9,2,1658,207387,0,0,1629,255785,0,0,0,81,177000000,NORMAL
2026-03-25T02:00:33.945734,9,3,1744,218620,0,0,1682,265371,0,0,0,81,177000000,NORMAL
2026-03-25T02:00:33.945734,9,4,1631,204962,0,0,1567,242071,0,0,0,81,176000000,NORMAL
2026-03-25T02:00:33.945734,9,5,1771,225240,0,0,1705,278299,0,0,0,81,177000000,NORMAL
2026-03-25T02:00:33.945734,9,4294967294,294,12377,0,0,0,0,0,0,0,81,174000000,NORMAL
2026-03-25T02:00:42.870660,6,1,20558,3705828,0,0,24416,2922814,0,0,0,91,202000000,NORMAL
2026-03-25T02:00:42.870660,6,2,168,7536,0,0,2,104,0,0,0,91,203000000,NORMAL
2026-03-25T02:00:42.870660,6,3,24415,2922793,0,0,20560,3705932,0,0,0,91,202000000,NORMAL
2026-03-25T02:00:42.870660,6,4294967294,176,6210,0,0,0,0,0,0,0,91,199000000,NORMAL
2026-03-25T02:00:42.884384,1,1,246,16234,0,0,262,16404,0,0,0,91,199000000,NORMAL
2026-03-25T02:00:42.884384,1,2,42621,7878186,0,0,50785,6041359,0,0,0,91,199000000,NORMAL
2026-03-25T02:00:42.884384,1,3,26462,3127238,0,0,22476,4196015,0,0,0,91,199000000,NORMAL
2026-03-25T02:00:42.884384,1,4,24416,2922814,0,0,20558,3705828,0,0,0,91,199000000,NORMAL
2026-03-25T02:00:42.884384,1,4294967294,270,11098,0,0,0,0,0,0,0,91,195000000,NORMAL
2026-03-25T02:00:42.884610,7,1,307,18806,0,0,201,13863,0,0,0,91,193000000,NORMAL
2026-03-25T02:00:42.884610,7,2,72,5244,0,0,214,11204,0,0,0,91,193000000,NORMAL
2026-03-25T02:00:42.884610,7,3,71,5146,0,0,213,11106,0,0,0,91,193000000,NORMAL
2026-03-25T02:00:42.884610,7,4,70,5056,0,0,213,11106,0,0,0,91,194000000,NORMAL
2026-03-25T02:00:42.884610,7,5,71,5146,0,0,213,11106,0,0,0,91,193000000,NORMAL
2026-03-25T02:00:42.884610,7,4294967294,314,13417,0,0,0,0,0,0,0,91,189000000,NORMAL
2026-03-25T02:00:42.884736,2,1,167,7484,0,0,2,73,0,0,0,91,200000000,NORMAL
2026-03-25T02:00:42.884736,2,2,1,52,0,0,168,7536,0,0,0,91,201000000,NORMAL
2026-03-25T02:00:42.884736,2,3,1,52,0,0,168,7536,0,0,0,91,201000000,NORMAL
2026-03-25T02:00:42.884736,2,4,2,104,0,0,168,7536,0,0,0,91,201000000,NORMAL
2026-03-25T02:00:42.884736,2,4294967294,266,10921,0,0,0,0,0,0,0,91,198000000,NORMAL
2026-03-25T02:00:42.884838,3,1,262,16404,0,0,246,16234,0,0,0,91,205000000,NORMAL
2026-03-25T02:00:42.884838,3,2,2,73,0,0,167,7484,0,0,0,91,205000000,NORMAL
2026-03-25T02:00:42.884838,3,3,201,13863,0,0,307,18806,0,0,0,91,205000000,NORMAL
2026-03-25T02:00:42.884838,3,4294967294,262,10744,0,0,0,0,0,0,0,91,202000000,NORMAL
2026-03-25T02:00:42.884928,8,1,50805,6043964,0,0,42632,7880501,0,0,0,91,197000000,NORMAL
2026-03-25T02:00:42.884928,8,2,17040,3592780,0,0,19217,2975627,0,0,0,91,196000000,NORMAL
2026-03-25T02:00:42.884928,8,3,7109,3057321,0,0,9766,1993941,0,0,0,91,197000000,NORMAL
2026-03-25T02:00:42.884928,8,4,17972,3267042,0,0,19662,3158792,0,0,0,91,196000000,NORMAL
2026-03-25T02:00:42.884928,8,5,17181,3004759,0,0,19297,2976238,0,0,0,91,196000000,NORMAL
2026-03-25T02:00:42.884928,8,4294967294,318,13625,0,0,0,0,0,0,0,91,193000000,NORMAL
2026-03-25T02:00:42.890714,4,1,50821,6045008,0,0,42644,7883917,0,0,0,91,198000000,NORMAL
2026-03-25T02:00:42.890714,4,2,168,7536,0,0,1,52,0,0,0,91,198000000,NORMAL
2026-03-25T02:00:42.890714,4,3,42644,7883917,0,0,50821,6045008,0,0,0,91,198000000,NORMAL
2026-03-25T02:00:42.890714,4,4294967294,172,6033,0,0,0,0,0,0,0,91,194000000,NORMAL
2026-03-25T02:00:42.890926,5,1,22486,4198256,0,0,26481,3129296,0,0,0,91,194000000,NORMAL
2026-03-25T02:00:42.890926,5,2,168,7536,0,0,1,52,0,0,0,91,194000000,NORMAL
2026-03-25T02:00:42.890926,5,3,26481,3129296,0,0,22486,4198256,0,0,0,91,194000000,NORMAL
2026-03-25T02:00:42.890926,5,4294967294,172,6033,0,0,0,0,0,0,0,91,190000000,NORMAL
2026-03-25T02:00:50.449950,9,1,22485,4198190,0,0,26477,3129008,0,0,0,91,200000000,NORMAL
2026-03-25T02:00:50.449950,9,2,7071,818086,0,0,5582,1015023,0,0,0,91,201000000,NORMAL
2026-03-25T02:00:50.449950,9,3,7460,872871,0,0,5949,1118189,0,0,0,91,201000000,NORMAL
2026-03-25T02:00:50.449950,9,4,7483,841507,0,0,5853,1088445,0,0,0,91,200000000,NORMAL
2026-03-25T02:00:50.449950,9,5,7183,824167,0,0,5654,1002645,0,0,0,91,201000000,NORMAL
2026-03-25T02:00:50.449950,9,4294967294,318,13625,0,0,0,0,0,0,0,91,198000000,NORMAL
2026-03-25T02:00:53.246947,6,1,36621,6947492,0,0,45940,5117616,0,0,0,101,246000000,NORMAL
2026-03-25T02:00:53.246947,6,2,175,7900,0,0,2,104,0,0,0,101,247000000,NORMAL
2026-03-25T02:00:53.246947,6,3,45939,5117595,0,0,36623,6947596,0,0,0,101,246000000,NORMAL
2026-03-25T02:00:53.246947,6,4294967294,183,6574,0,0,0,0,0,0,0,101,243000000,NORMAL
2026-03-25T02:00:53.248391,10,1,20562,3706591,0,0,24419,2923526,0,0,0,91,209000000,NORMAL
2026-03-25T02:00:53.248391,10,2,7623,873461,0,0,5933,1093579,0,0,0,91,209000000,NORMAL
2026-03-25T02:00:53.248391,10,3,6968,803570,0,0,5356,952835,0,0,0,91,208000000,NORMAL
2026-03-25T02:00:53.248391,10,4,5885,672359,0,0,4543,729764,0,0,0,91,209000000,NORMAL
2026-03-25T02:00:53.248391,10,5,6964,811575,0,0,5289,956837,0,0,0,91,208000000,NORMAL
2026-03-25T02:00:53.248391,10,4294967294,326,14041,0,0,0,0,0,0,0,91,204000000,NORMAL
2026-03-25T02:00:53.262283,1,1,253,16598,0,0,262,16404,0,0,0,101,243000000,NORMAL
2026-03-25T02:00:53.262283,1,2,75273,14313320,0,0,94549,10521626,0,0,0,101,243000000,NORMAL
2026-03-25T02:00:53.262283,1,3,48694,5412285,0,0,39078,7389621,0,0,0,101,243000000,NORMAL
2026-03-25T02:00:53.262283,1,4,45941,5117670,0,0,36622,6948084,0,0,0,101,243000000,NORMAL
2026-03-25T02:00:53.262283,1,4294967294,291,12190,0,0,0,0,0,0,0,101,239000000,NORMAL
2026-03-25T02:00:53.262568,8,1,94549,10521626,0,0,75273,14313320,0,0,0,101,226000000,NORMAL
2026-03-25T02:00:53.262568,8,2,29855,5907279,0,0,35473,5106413,0,0,0,101,225000000,NORMAL
2026-03-25T02:00:53.262568,8,3,10575,4787272,0,0,14686,2706887,0,0,0,101,226000000,NORMAL
2026-03-25T02:00:53.262568,8,4,30658,5970736,0,0,34699,5181955,0,0,0,101,225000000,NORMAL
2026-03-25T02:00:53.262568,8,5,29234,5131967,0,0,35228,5030630,0,0,0,101,225000000,NORMAL
2026-03-25T02:00:53.262568,8,4294967294,346,15081,0,0,0,0,0,0,0,101,222000000,NORMAL
2026-03-25T02:00:53.281175,3,1,262,16404,0,0,253,16598,0,0,0,101,298000000,NORMAL
2026-03-25T02:00:53.281175,3,2,2,73,0,0,174,7848,0,0,0,101,298000000,NORMAL
2026-03-25T02:00:53.281175,3,3,201,13863,0,0,314,19170,0,0,0,101,298000000,NORMAL
2026-03-25T02:00:53.281175,3,4294967294,283,11836,0,0,0,0,0,0,0,101,295000000,NORMAL
2026-03-25T02:00:53.281451,2,1,174,7848,0,0,2,73,0,0,0,101,293000000,NORMAL
2026-03-25T02:00:53.281451,2,2,1,52,0,0,175,7900,0,0,0,101,294000000,NORMAL
2026-03-25T02:00:53.281451,2,3,1,52,0,0,175,7900,0,0,0,101,294000000,NORMAL
2026-03-25T02:00:53.281451,2,4,2,104,0,0,175,7900,0,0,0,101,294000000,NORMAL
2026-03-25T02:00:53.281451,2,4294967294,287,12013,0,0,0,0,0,0,0,101,291000000,NORMAL
2026-03-25T02:00:53.281662,7,1,314,19170,0,0,201,13863,0,0,0,101,285000000,NORMAL
2026-03-25T02:00:53.281662,7,2,72,5244,0,0,221,11568,0,0,0,101,285000000,NORMAL
2026-03-25T02:00:53.281662,7,3,71,5146,0,0,220,11470,0,0,0,101,285000000,NORMAL
2026-03-25T02:00:53.281662,7,4,70,5056,0,0,220,11470,0,0,0,101,286000000,NORMAL
2026-03-25T02:00:53.281662,7,5,71,5146,0,0,220,11470,0,0,0,101,285000000,NORMAL
2026-03-25T02:00:53.281662,7,4294967294,342,14873,0,0,0,0,0,0,0,101,281000000,NORMAL
2026-03-25T02:00:53.293329,4,1,94741,10543873,0,0,75442,14354516,0,0,0,101,294000000,NORMAL
2026-03-25T02:00:53.293329,4,2,175,7900,0,0,1,52,0,0,0,101,294000000,NORMAL
2026-03-25T02:00:53.293329,4,3,75442,14354516,0,0,94741,10543873,0,0,0,101,294000000,NORMAL
2026-03-25T02:00:53.293329,4,4294967294,179,6397,0,0,0,0,0,0,0,101,290000000,NORMAL
2026-03-25T02:00:53.293606,5,1,39180,7409449,0,0,48807,5426495,0,0,0,101,291000000,NORMAL
2026-03-25T02:00:53.293606,5,2,175,7900,0,0,1,52,0,0,0,101,291000000,NORMAL
2026-03-25T02:00:53.293606,5,3,48807,5426495,0,0,39180,7409449,0,0,0,101,291000000,NORMAL
2026-03-25T02:00:53.293606,5,4294967294,179,6397,0,0,0,0,0,0,0,101,287000000,NORMAL
2026-03-25T02:01:02.982137,6,1,49651,9309403,0,0,62220,6461377,0,0,0,111,296000000,NORMAL
2026-03-25T02:01:02.982137,6,2,181,8212,0,0,2,104,0,0,0,111,297000000,NORMAL
2026-03-25T02:01:02.982137,6,3,62219,6461356,0,0,49653,9309507,0,0,0,111,296000000,NORMAL
2026-03-25T02:01:02.982137,6,4294967294,189,6886,0,0,0,0,0,0,0,111,293000000,NORMAL
2026-03-25T02:01:02.982355,1,1,259,16910,0,0,262,16404,0,0,0,111,293000000,NORMAL
2026-03-25T02:01:02.982355,1,2,101088,19266266,0,0,126735,13262811,0,0,0,111,293000000,NORMAL
2026-03-25T02:01:02.982355,1,3,64595,6809451,0,0,51876,9981872,0,0,0,111,294000000,NORMAL
2026-03-25T02:01:02.982355,1,4,62220,6461377,0,0,49651,9309403,0,0,0,111,293000000,NORMAL
2026-03-25T02:01:02.982355,1,4294967294,309,13126,0,0,0,0,0,0,0,111,289000000,NORMAL
2026-03-25T02:01:02.996836,7,1,320,19482,0,0,201,13863,0,0,0,111,299000000,NORMAL
2026-03-25T02:01:02.996836,7,2,72,5244,0,0,227,11880,0,0,0,111,299000000,NORMAL
2026-03-25T02:01:02.996836,7,3,71,5146,0,0,226,11782,0,0,0,111,299000000,NORMAL
2026-03-25T02:01:02.996836,7,4,70,5056,0,0,226,11782,0,0,0,111,300000000,NORMAL
2026-03-25T02:01:02.996836,7,5,71,5146,0,0,226,11782,0,0,0,111,299000000,NORMAL
2026-03-25T02:01:02.996836,7,4294967294,366,16121,0,0,0,0,0,0,0,111,295000000,NORMAL
2026-03-25T02:01:02.997088,3,1,262,16404,0,0,259,16910,0,0,0,111,311000000,NORMAL
2026-03-25T02:01:02.997088,3,2,2,73,0,0,180,8160,0,0,0,111,311000000,NORMAL
2026-03-25T02:01:02.997088,3,3,201,13863,0,0,320,19482,0,0,0,111,311000000,NORMAL
2026-03-25T02:01:02.997088,3,4294967294,301,12772,0,0,0,0,0,0,0,111,308000000,NORMAL
2026-03-25T02:01:02.997211,2,1,180,8160,0,0,2,73,0,0,0,111,306000000,NORMAL
2026-03-25T02:01:02.997211,2,2,1,52,0,0,181,8212,0,0,0,111,307000000,NORMAL
2026-03-25T02:01:02.997211,2,3,1,52,0,0,181,8212,0,0,0,111,307000000,NORMAL
2026-03-25T02:01:02.997211,2,4,2,104,0,0,181,8212,0,0,0,111,307000000,NORMAL
2026-03-25T02:01:02.997211,2,4294967294,305,12949,0,0,0,0,0,0,0,111,304000000,NORMAL
2026-03-25T02:01:02.997310,4,1,126789,13269122,0,0,101131,19271378,0,0,0,111,290000000,NORMAL
2026-03-25T02:01:02.997310,4,2,181,8212,0,0,1,52,0,0,0,111,290000000,NORMAL
2026-03-25T02:01:02.997310,4,3,101131,19271378,0,0,126789,13269122,0,0,0,111,290000000,NORMAL
2026-03-25T02:01:02.997310,4,4294967294,185,6709,0,0,0,0,0,0,0,111,286000000,NORMAL
2026-03-25T02:01:02.997401,8,1,126789,13269122,0,0,101131,19271378,0,0,0,111,303000000,NORMAL
2026-03-25T02:01:02.997401,8,2,40167,7733258,0,0,47643,6563751,0,0,0,111,302000000,NORMAL
2026-03-25T02:01:02.997401,8,3,13945,6319645,0,0,19272,3375918,0,0,0,111,303000000,NORMAL
2026-03-25T02:01:02.997401,8,4,40621,7882431,0,0,46329,6578611,0,0,0,111,302000000,NORMAL
2026-03-25T02:01:02.997401,8,5,39397,7021070,0,0,47050,6457129,0,0,0,111,302000000,NORMAL
2026-03-25T02:01:02.997401,8,4294967294,370,16329,0,0,0,0,0,0,0,111,299000000,NORMAL
2026-03-25T02:01:02.997526,5,1,51897,9984501,0,0,64619,6812547,0,0,0,111,286000000,NORMAL
2026-03-25T02:01:02.997526,5,2,181,8212,0,0,1,52,0,0,0,111,286000000,NORMAL
2026-03-25T02:01:02.997526,5,3,64619,6812547,0,0,51897,9984501,0,0,0,111,286000000,NORMAL
2026-03-25T02:01:02.997526,5,4294967294,185,6709,0,0,0,0,0,0,0,111,282000000,NORMAL
2026-03-25T02:01:12.908553,1,1,266,17274,0,0,262,16404,0,0,0,121,291000000,NORMAL
2026-03-25T02:01:12.908553,1,2,121463,23084020,0,0,152559,15632443,0,0,0,121,291000000,NORMAL
2026-03-25T02:01:12.908553,1,3,74948,7852455,0,0,60498,11889919,0,0,0,121,291000000,NORMAL
2026-03-25T02:01:12.908553,1,4,77684,7787641,0,0,61418,11219838,0,0,0,121,291000000,NORMAL
2026-03-25T02:01:12.908553,1,4294967294,330,14218,0,0,0,0,0,0,0,121,287000000,NORMAL
2026-03-25T02:01:12.908754,6,1,61418,11219838,0,0,77684,7787641,0,0,0,121,294000000,NORMAL
2026-03-25T02:01:12.908754,6,2,188,8576,0,0,2,104,0,0,0,121,295000000,NORMAL
2026-03-25T02:01:12.908754,6,3,77683,7787620,0,0,61420,11219942,0,0,0,121,294000000,NORMAL
2026-03-25T02:01:12.908754,6,4294967294,196,7250,0,0,0,0,0,0,0,121,291000000,NORMAL
2026-03-25T02:01:12.908844,3,1,262,16404,0,0,266,17274,0,0,0,121,282000000,NORMAL
2026-03-25T02:01:12.908844,3,2,2,73,0,0,187,8524,0,0,0,121,282000000,NORMAL
2026-03-25T02:01:12.908844,3,3,201,13863,0,0,327,19846,0,0,0,121,282000000,NORMAL
2026-03-25T02:01:12.908844,3,4294967294,322,13864,0,0,0,0,0,0,0,121,279000000,NORMAL
2026-03-25T02:01:12.908921,8,1,152559,15632443,0,0,121463,23084020,0,0,0,121,274000000,NORMAL
2026-03-25T02:01:12.908921,8,2,48244,9200997,0,0,57272,7846430,0,0,0,121,273000000,NORMAL
2026-03-25T02:01:12.908921,8,3,16472,7637030,0,0,22914,3895167,0,0,0,121,274000000,NORMAL
2026-03-25T02:01:12.908921,8,4,48541,9306127,0,0,55566,7756584,0,0,0,121,273000000,NORMAL
2026-03-25T02:01:12.908921,8,5,47367,8461162,0,0,56495,7677911,0,0,0,121,273000000,NORMAL
2026-03-25T02:01:12.908921,8,4294967294,398,17785,0,0,0,0,0,0,0,121,270000000,NORMAL
2026-03-25T02:01:12.909023,4,1,152559,15632443,0,0,121463,23084020,0,0,0,121,260000000,NORMAL
2026-03-25T02:01:12.909023,4,2,188,8576,0,0,1,52,0,0,0,121,260000000,NORMAL
2026-03-25T02:01:12.909023,4,3,121463,23084020,0,0,152559,15632443,0,0,0,121,260000000,NORMAL
2026-03-25T02:01:12.909023,4,4294967294,192,7073,0,0,0,0,0,0,0,121,256000000,NORMAL
2026-03-25T02:01:12.909099,2,1,187,8524,0,0,2,73,0,0,0,121,277000000,NORMAL
2026-03-25T02:01:12.909099,2,2,1,52,0,0,188,8576,0,0,0,121,278000000,NORMAL
2026-03-25T02:01:12.909099,2,3,1,52,0,0,188,8576,0,0,0,121,278000000,NORMAL
2026-03-25T02:01:12.909099,2,4,2,104,0,0,188,8576,0,0,0,121,278000000,NORMAL
2026-03-25T02:01:12.909099,2,4294967294,326,14041,0,0,0,0,0,0,0,121,275000000,NORMAL
2026-03-25T02:01:12.909185,7,1,327,19846,0,0,201,13863,0,0,0,121,269000000,NORMAL
2026-03-25T02:01:12.909185,7,2,72,5244,0,0,234,12244,0,0,0,121,269000000,NORMAL
2026-03-25T02:01:12.909185,7,3,71,5146,0,0,233,12146,0,0,0,121,269000000,NORMAL
2026-03-25T02:01:12.909185,7,4,70,5056,0,0,233,12146,0,0,0,121,270000000,NORMAL
2026-03-25T02:01:12.909185,7,5,71,5146,0,0,233,12146,0,0,0,121,269000000,NORMAL
2026-03-25T02:01:12.909185,7,4294967294,394,17577,0,0,0,0,0,0,0,121,265000000,NORMAL
2026-03-25T02:01:12.909284,5,1,60498,11889919,0,0,74948,7852455,0,0,0,121,256000000,NORMAL
2026-03-25T02:01:12.909284,5,2,188,8576,0,0,1,52,0,0,0,121,256000000,NORMAL
2026-03-25T02:01:12.909284,5,3,74948,7852455,0,0,60498,11889919,0,0,0,121,257000000,NORMAL
2026-03-25T02:01:12.909284,5,4294967294,192,7073,0,0,0,0,0,0,0,121,252000000,NORMAL
2026-03-25T02:01:26.358237,6,1,66771,12582257,0,0,84044,8485909,0,0,0,131,294000000,NORMAL
2026-03-25T02:01:26.358237,6,2,194,8888,0,0,2,104,0,0,0,131,295000000,NORMAL
2026-03-25T02:01:26.358237,6,3,84043,8485888,0,0,66773,12582361,0,0,0,131,294000000,NORMAL
2026-03-25T02:01:26.358237,6,4294967294,202,7562,0,0,0,0,0,0,0,131,291000000,NORMAL
2026-03-25T02:01:26.358513,1,1,272,17586,0,0,262,16404,0,0,0,131,291000000,NORMAL
2026-03-25T02:01:26.358513,1,2,129606,25194508,0,0,162259,16686116,0,0,0,131,291000000,NORMAL
2026-03-25T02:01:26.358513,1,3,78282,8207548,0,0,63300,12638612,0,0,0,131,291000000,NORMAL
2026-03-25T02:01:26.358513,1,4,84044,8485909,0,0,66771,12582257,0,0,0,131,291000000,NORMAL
2026-03-25T02:01:26.358513,1,4294967294,348,15154,0,0,0,0,0,0,0,131,287000000,NORMAL
2026-03-25T02:01:26.358696,8,1,162259,16686116,0,0,129606,25194508,0,0,0,131,274000000,NORMAL
2026-03-25T02:01:26.358696,8,2,52270,10102384,0,0,61592,8561136,0,0,0,131,273000000,NORMAL
2026-03-25T02:01:26.358696,8,3,17927,8386621,0,0,24991,4193253,0,0,0,131,274000000,NORMAL
2026-03-25T02:01:26.358696,8,4,51868,10135358,0,0,59238,8349113,0,0,0,131,273000000,NORMAL
2026-03-25T02:01:26.358696,8,5,50228,9138806,0,0,59670,8174564,0,0,0,131,273000000,NORMAL
2026-03-25T02:01:26.358696,8,4294967294,422,19033,0,0,0,0,0,0,0,131,270000000,NORMAL
2026-03-25T02:01:26.366993,3,1,262,16404,0,0,273,17638,0,0,0,134,764000000,NORMAL
2026-03-25T02:01:26.366993,3,2,2,73,0,0,194,8888,0,0,0,134,764000000,NORMAL
2026-03-25T02:01:26.366993,3,3,201,13863,0,0,334,20210,0,0,0,134,764000000,NORMAL
2026-03-25T02:01:26.366993,3,4294967294,343,14956,0,0,0,0,0,0,0,134,761000000,NORMAL
2026-03-25T02:01:26.367117,2,1,194,8888,0,0,2,73,0,0,0,134,759000000,NORMAL
2026-03-25T02:01:26.367117,2,2,1,52,0,0,195,8940,0,0,0,134,760000000,NORMAL
2026-03-25T02:01:26.367117,2,3,1,52,0,0,195,8940,0,0,0,134,760000000,NORMAL
2026-03-25T02:01:26.367117,2,4,2,104,0,0,195,8940,0,0,0,134,760000000,NORMAL
2026-03-25T02:01:26.367117,2,4294967294,347,15133,0,0,0,0,0,0,0,134,757000000,NORMAL
2026-03-25T02:01:26.367182,5,1,63522,12685858,0,0,78534,8225266,0,0,0,134,739000000,NORMAL
2026-03-25T02:01:26.367182,5,2,195,8940,0,0,1,52,0,0,0,134,739000000,NORMAL
2026-03-25T02:01:26.367182,5,3,78534,8225266,0,0,63522,12685858,0,0,0,134,739000000,NORMAL
2026-03-25T02:01:26.367182,5,4294967294,199,7437,0,0,0,0,0,0,0,134,735000000,NORMAL
2026-03-25T02:01:26.367240,7,1,334,20210,0,0,201,13863,0,0,0,134,751000000,NORMAL
2026-03-25T02:01:26.367240,7,2,72,5244,0,0,241,12608,0,0,0,134,751000000,NORMAL
2026-03-25T02:01:26.367240,7,3,71,5146,0,0,240,12510,0,0,0,134,751000000,NORMAL
2026-03-25T02:01:26.367240,7,4,70,5056,0,0,240,12510,0,0,0,134,752000000,NORMAL
2026-03-25T02:01:26.367240,7,5,71,5146,0,0,240,12510,0,0,0,134,751000000,NORMAL
2026-03-25T02:01:26.367240,7,4294967294,422,19033,0,0,0,0,0,0,0,134,747000000,NORMAL
2026-03-25T02:01:26.367332,4,1,163748,16842601,0,0,130798,25526571,0,0,0,134,742000000,NORMAL
2026-03-25T02:01:26.367332,4,2,195,8940,0,0,1,52,0,0,0,134,742000000,NORMAL
2026-03-25T02:01:26.367332,4,3,130798,25526571,0,0,163748,16842601,0,0,0,134,742000000,NORMAL
2026-03-25T02:01:26.367332,4,4294967294,199,7437,0,0,0,0,0,0,0,134,738000000,NORMAL
2026-03-25T02:01:36.371621,5,1,63854,12760649,0,0,78835,8243354,0,0,0,144,770000000,NORMAL
2026-03-25T02:01:36.371621,5,2,201,9252,0,0,1,52,0,0,0,144,770000000,NORMAL
2026-03-25T02:01:36.371621,5,3,78835,8243354,0,0,63854,12760649,0,0,0,144,770000000,NORMAL
2026-03-25T02:01:36.371621,5,4294967294,205,7749,0,0,0,0,0,0,0,144,766000000,NORMAL
2026-03-25T02:01:36.371735,4,1,174387,17695820,0,0,138183,26266205,0,0,0,144,774000000,NORMAL
2026-03-25T02:01:36.371735,4,2,201,9252,0,0,1,52,0,0,0,144,774000000,NORMAL
2026-03-25T02:01:36.371735,4,3,138183,26266205,0,0,174387,17695820,0,0,0,144,774000000,NORMAL
2026-03-25T02:01:36.371735,4,4294967294,205,7749,0,0,0,0,0,0,0,144,770000000,NORMAL
2026-03-25T02:01:36.371787,2,1,200,9200,0,0,2,73,0,0,0,144,790000000,NORMAL
2026-03-25T02:01:36.371787,2,2,1,52,0,0,201,9252,0,0,0,144,791000000,NORMAL
2026-03-25T02:01:36.371787,2,3,1,52,0,0,201,9252,0,0,0,144,791000000,NORMAL
2026-03-25T02:01:36.371787,2,4,2,104,0,0,201,9252,0,0,0,144,791000000,NORMAL
2026-03-25T02:01:36.371787,2,4294967294,365,16069,0,0,0,0,0,0,0,144,788000000,NORMAL
2026-03-25T02:01:36.371843,7,1,340,20522,0,0,201,13863,0,0,0,144,782000000,NORMAL
2026-03-25T02:01:36.371843,7,2,72,5244,0,0,247,12920,0,0,0,144,782000000,NORMAL
2026-03-25T02:01:36.371843,7,3,71,5146,0,0,246,12822,0,0,0,144,782000000,NORMAL
2026-03-25T02:01:36.371843,7,4,70,5056,0,0,246,12822,0,0,0,144,783000000,NORMAL
2026-03-25T02:01:36.371843,7,5,71,5146,0,0,246,12822,0,0,0,144,782000000,NORMAL
2026-03-25T02:01:36.371843,7,4294967294,446,20281,0,0,0,0,0,0,0,144,778000000,NORMAL
2026-03-25T02:01:36.371911,3,1,262,16404,0,0,279,17950,0,0,0,144,795000000,NORMAL
2026-03-25T02:01:36.371911,3,2,2,73,0,0,200,9200,0,0,0,144,795000000,NORMAL
2026-03-25T02:01:36.371911,3,3,201,13863,0,0,340,20522,0,0,0,144,795000000,NORMAL
2026-03-25T02:01:36.371911,3,4294967294,361,15892,0,0,0,0,0,0,0,144,792000000,NORMAL
2026-03-25T02:01:36.422746,1,1,279,17950,0,0,262,16404,0,0,0,144,852000000,NORMAL
2026-03-25T02:01:36.422746,1,2,138183,26266205,0,0,174387,17695820,0,0,0,144,852000000,NORMAL
2026-03-25T02:01:36.422746,1,3,78835,8243354,0,0,63854,12760649,0,0,0,144,852000000,NORMAL
2026-03-25T02:01:36.422746,1,4,95612,9459443,0,0,74808,13532645,0,0,0,144,852000000,NORMAL
2026-03-25T02:01:36.422746,1,4294967294,369,16246,0,0,0,0,0,0,0,144,848000000,NORMAL
2026-03-25T02:01:36.422837,8,1,174387,17695820,0,0,138183,26266205,0,0,0,144,835000000,NORMAL
2026-03-25T02:01:36.422837,8,2,57259,10803496,0,0,67681,9303185,0,0,0,144,834000000,NORMAL
2026-03-25T02:01:36.422837,8,3,18336,8629294,0,0,25655,4285328,0,0,0,144,835000000,NORMAL
2026-03-25T02:01:36.422837,8,4,54995,10445236,0,0,63684,8677762,0,0,0,144,834000000,NORMAL
2026-03-25T02:01:36.422837,8,5,51346,9291224,0,0,61686,8356971,0,0,0,144,834000000,NORMAL
2026-03-25T02:01:36.422837,8,4294967294,450,20489,0,0,0,0,0,0,0,144,831000000,NORMAL
2026-03-25T02:01:36.422902,6,1,74808,13532645,0,0,95612,9459443,0,0,0,144,855000000,NORMAL
2026-03-25T02:01:36.422902,6,2,201,9252,0,0,2,104,0,0,0,144,856000000,NORMAL
2026-03-25T02:01:36.422902,6,3,95611,9459422,0,0,74810,13532749,0,0,0,144,855000000,NORMAL
2026-03-25T02:01:36.422902,6,4294967294,209,7926,0,0,0,0,0,0,0,144,852000000,NORMAL
2026-03-25T02:01:43.356752,10,1,36679,6962633,0,0,46000,5123608,0,0,0,101,302000000,NORMAL
2026-03-25T02:01:43.356752,10,2,19169,1899313,0,0,10178,1907350,0,0,0,101,302000000,NORMAL
2026-03-25T02:01:43.356752,10,3,17472,1764717,0,0,9383,1687165,0,0,0,101,301000000,NORMAL
2026-03-25T02:01:43.356752,10,4,15684,1533380,0,0,8103,1522860,0,0,0,101,302000000,NORMAL
2026-03-25T02:01:43.356752,10,5,17954,1785189,0,0,9594,1872700,0,0,0,101,301000000,NORMAL
2026-03-25T02:01:43.356752,10,4294967294,354,15497,0,0,0,0,0,0,0,101,297000000,NORMAL
2026-03-25T02:01:43.417999,9,1,39173,7408931,0,0,48800,5425977,0,0,0,101,297000000,NORMAL
2026-03-25T02:01:43.417999,9,2,17891,1793116,0,0,9700,1801815,0,0,0,101,298000000,NORMAL
2026-03-25T02:01:43.417999,9,3,18093,1813083,0,0,9873,1892823,0,0,0,101,298000000,NORMAL
2026-03-25T02:01:43.417999,9,4,18640,1846618,0,0,9915,1776447,0,0,0,101,297000000,NORMAL
2026-03-25T02:01:43.417999,9,5,18491,1833424,0,0,10259,1965050,0,0,0,101,298000000,NORMAL
2026-03-25T02:01:43.417999,9,4294967294,346,15081,0,0,0,0,0,0,0,101,295000000,NORMAL
2026-03-25T02:01:46.370921,6,1,76784,13859638,0,0,97493,9564343,0,0,0,154,855000000,NORMAL
2026-03-25T02:01:46.370921,6,2,206,9512,0,0,2,104,0,0,0,154,856000000,NORMAL
2026-03-25T02:01:46.370921,6,3,97492,9564322,0,0,76786,13859742,0,0,0,154,855000000,NORMAL
2026-03-25T02:01:46.370921,6,4294967294,214,8186,0,0,0,0,0,0,0,154,852000000,NORMAL
2026-03-25T02:01:46.421944,5,1,75922,13800041,0,0,98183,9492121,0,0,0,154,818000000,NORMAL
2026-03-25T02:01:46.421944,5,2,206,9512,0,0,1,52,0,0,0,154,818000000,NORMAL
2026-03-25T02:01:46.421944,5,3,98183,9492121,0,0,75922,13800041,0,0,0,154,818000000,NORMAL
2026-03-25T02:01:46.421944,5,4294967294,210,8009,0,0,0,0,0,0,0,154,814000000,NORMAL
2026-03-25T02:01:46.422034,4,1,195645,19051043,0,0,152241,27634878,0,0,0,154,822000000,NORMAL
2026-03-25T02:01:46.422034,4,2,206,9512,0,0,1,52,0,0,0,154,822000000,NORMAL
2026-03-25T02:01:46.422034,4,3,152241,27634878,0,0,195645,19051043,0,0,0,154,822000000,NORMAL
2026-03-25T02:01:46.422034,4,4294967294,210,8009,0,0,0,0,0,0,0,154,818000000,NORMAL
2026-03-25T02:01:46.422088,8,1,195629,19050179,0,0,152241,27634878,0,0,0,154,836000000,NORMAL
2026-03-25T02:01:46.422088,8,2,61989,11245840,0,0,74796,9759509,0,0,0,154,835000000,NORMAL
2026-03-25T02:01:46.422088,8,3,18346,8631210,0,0,25685,4287773,0,0,0,154,836000000,NORMAL
2026-03-25T02:01:46.422088,8,4,59684,10929931,0,0,70744,9127336,0,0,0,154,835000000,NORMAL
2026-03-25T02:01:46.422088,8,5,56010,9735043,0,0,68763,8807328,0,0,0,154,835000000,NORMAL
2026-03-25T02:01:46.422088,8,4294967294,470,21529,0,0,0,0,0,0,0,154,832000000,NORMAL
2026-03-25T02:01:46.422151,2,1,205,9460,0,0,2,73,0,0,0,154,838000000,NORMAL
2026-03-25T02:01:46.422151,2,2,1,52,0,0,206,9512,0,0,0,154,839000000,NORMAL
2026-03-25T02:01:46.422151,2,3,1,52,0,0,206,9512,0,0,0,154,839000000,NORMAL
2026-03-25T02:01:46.422151,2,4,2,104,0,0,206,9512,0,0,0,154,839000000,NORMAL
2026-03-25T02:01:46.422151,2,4294967294,380,16849,0,0,0,0,0,0,0,154,836000000,NORMAL
2026-03-25T02:01:46.422202,3,1,262,16404,0,0,284,18210,0,0,0,154,843000000,NORMAL
2026-03-25T02:01:46.422202,3,2,2,73,0,0,205,9460,0,0,0,154,843000000,NORMAL
2026-03-25T02:01:46.422202,3,3,201,13863,0,0,345,20782,0,0,0,154,843000000,NORMAL
2026-03-25T02:01:46.422202,3,4294967294,376,16672,0,0,0,0,0,0,0,154,840000000,NORMAL
2026-03-25T02:01:46.422247,1,1,284,18210,0,0,262,16404,0,0,0,154,852000000,NORMAL
2026-03-25T02:01:46.422247,1,2,152205,27630666,0,0,195609,19049099,0,0,0,154,852000000,NORMAL
2026-03-25T02:01:46.422247,1,3,98171,9491473,0,0,75910,13798637,0,0,0,154,852000000,NORMAL
2026-03-25T02:01:46.422247,1,4,97493,9564343,0,0,76784,13859638,0,0,0,154,852000000,NORMAL
2026-03-25T02:01:46.422247,1,4294967294,384,17026,0,0,0,0,0,0,0,154,848000000,NORMAL
2026-03-25T02:01:46.422301,7,1,345,20782,0,0,201,13863,0,0,0,154,831000000,NORMAL
2026-03-25T02:01:46.422301,7,2,72,5244,0,0,252,13180,0,0,0,154,831000000,NORMAL
2026-03-25T02:01:46.422301,7,3,71,5146,0,0,251,13082,0,0,0,154,831000000,NORMAL
2026-03-25T02:01:46.422301,7,4,70,5056,0,0,251,13082,0,0,0,154,832000000,NORMAL
2026-03-25T02:01:46.422301,7,5,71,5146,0,0,251,13082,0,0,0,154,831000000,NORMAL
2026-03-25T02:01:46.422301,7,4294967294,466,21321,0,0,0,0,0,0,0,154,827000000,NORMAL
